[
  {
    "model": "app.usertype",
    "pk": 1,
    "fields": {
      "user_type_name": "Багш",
      "description": ""
    }
  },
  {
    "model": "app.usertype",
    "pk": 2,
    "fields": {
      "user_type_name": "Оюутан",
      "description": ""
    }
  },
  {
    "model": "app.defaultratingcriteria",
    "pk": 1,
    "fields": {
      "rc_name": "Бүтээлч байдал(Creativity)",
      "description": "Тодорхой бус хэв маягийг мэдэрж даалгавраа биелүүлэх, асуудлыг шийдвэрлэх, сорилт бэрхшээлийг даван туулах шинэ арга замыг бий болгох"
    }
  },
  {
    "model": "app.defaultratingcriteria",
    "pk": 2,
    "fields": {
      "rc_name": "Уян хатан байдал(distensibility)",
      "description": "Богино хугацааны өөрчлөлтөд хурдан, тайвнаар дасан зохицож, гэнэтийн асуудалд даалгавруудыг үр дүнтэй даван туулахын тулд багийн өөр гишүүн ачаалал ихтэй байгааг анзаарсан бол түүнд туслах, тухайн гишүүнийг даалгаврыг гүйцэтгэхэд нь  боломж цаг хугацааг бий болгож өгөх"
    }
  },
  {
    "model": "app.defaultratingcriteria",
    "pk": 3,
    "fields": {
      "rc_name": "Хариуцлагатай байдал (Responsibility)",
      "description": "Багийн ажлын динамикийн хүрээнд оролцогч талууд хариуцаж буй ажлаа ойлгож, дээрх даалгаврыг хугацаанд нь, хүлээгдэж буй стандартын дагуу гүйцэтгэхийн тулд хүчин чармайлт гаргах"
    }
  },
  {
    "model": "app.defaultratingcriteria",
    "pk": 4,
    "fields": {
      "rc_name": "Манлайлал (Leadership)",
      "description": "Багийн ажлын динамикын хүрээнд бусад гишүүдийг удирдан чиглүүлэх, нөлөөлөл үзүүлэх, оновчтой шийдвэрийн саналыг дэвшүүлж бусад гишүүдийг итгэн үнэмшүүлэх"
    }
  },
  {
    "model": "app.defaultratingcriteria",
    "pk": 5,
    "fields": {
      "rc_name": "Шүүмжлэлт сэтгэлгээ (Critical thinking)",
      "description": "Баг доторх асуудал,шийдвэрийг үр дүнрүү чиглүүлэхийн тулд  уг асуудалд үндэслэлтэй, оновчтой  бодолтой байхыг оролдож  сахилга баттай сэтгэх"
    }
  }
]
